subject,seed,trial,tStart,tEnd,exitFlag,jitter,response,rt,item,tType,eyes_1,eyes_2,transparency,pas,RoboRT,meanRoboRT
4,894299922,1,3030220.9145032,3030252.1259419,SPACE,4,space,31.1803839644417,2,CATCH,0,0,0,,0,NaN
4,894299922,2,3030255.97629904,3030271.58620178,OK,0,Return,15.5660385387018,1,CFS,0,1,0.5,3#,1.26174490127041,2.34671662001737
4,894299922,3,3030278.05349425,3030288.76295021,OK,1,Return,10.680373549927,4,CFS,0,1,0.727495707309101,3#,1.26920741684829,2.15022107250873
4,894299922,4,3030293.7300089,3030310.34006317,SPACE,7,space,16.5151773649268,3,CFS,0,1,0.877527328480149,,2.02602158866165,2.05995856853313
4,894299922,5,3030312.97363035,3030325.283212,OK,5,Return,12.2871629688889,5,CFS,0,1,0.877527328480149,3#,2.43103275774269,2.05995856853313
