subject,seed,trial,tStart,tEnd,exitFlag,jitter,response,rt,item,tType,eyes_1,eyes_2,transparency,pas,RoboRT,meanRoboRT
0,904193329,1,21900.6513679607,21902.5598576573,OK,4,Return,1.82472498762945,5,CATCH,0,0,0,2@,0,NaN
0,904193329,2,21905.5934390047,21907.0019149669,SPACE,4,space,1.37853498391269,1,CFS,0,1,0.5,,2.25815313468273,2.34671662001737
0,904193329,3,21908.618693989,21910.9272167689,OK,7,Return,2.2091814573032,2,CFS,0,1,0.5,2@,3.1931658659713,2.34671662001737
0,904193329,4,21912.9690701453,21914.2775274228,OK,5,Return,1.23472350552402,3,CFS,0,1,0.5,2@,3.41288873567499,2.34671662001737
0,904193329,5,21915.9776355773,21917.5861024236,OK,3,Return,1.58606740840332,4,CFS,0,1,0.5,2@,3.50338159604029,2.34671662001737
