subject,seed,trial,tStart,tEnd,exitFlag,jitter,response,rt,item,tType,eyes_1,eyes_2,transparency,pas,RoboRT,meanRoboRT
6,894435223,1,196812.805984201,196820.014706495,SPACE,1,space,7.12491570803104,1,CFS,0,1,0.5,,1.61627451958426,2.34671662001737
6,894435223,2,196824.723317708,196841.532550734,OK,7,Return,16.7907736145717,2,CFS,0,1,0.5,0),3.30985482377259,2.34671662001737
6,894435223,3,196853.249850735,196874.359305018,OK,1,Return,21.0949156174902,3,CFS,0,1,0.5,1!,3.02619102830501,2.34671662001737
6,894435223,4,196883.876493032,196886.684970524,SPACE,9,space,2.79580456941039,5,CATCH,0,0,0,,0,NaN
6,894435223,5,196890.143473221,196916.153166872,OK,1,Return,25.9757682868803,4,CFS,0,1,0.5,0),4.01282985247549,2.34671662001737
